"","date","value_predict"
"1",2015-01-01,30.326581033063
"2",2015-01-02,29.9948492019909
"3",2015-01-03,30.2905906902264
"4",2015-01-04,30.4990375714791
"5",2015-01-05,30.3468442504842
"6",2015-01-06,30.4794099449012
"7",2015-01-07,30.3933497078876
"8",2015-01-08,30.2546728194536
"9",2015-01-09,30.2423823306181
"10",2015-01-10,30.5818917313237
"11",2015-01-11,30.4470190295084
"12",2015-01-12,30.6315203477547
"13",2015-01-13,30.5753811215259
"14",2015-01-14,30.2708117313285
"15",2015-01-15,30.0955991940983
"16",2015-01-16,30.074811389055
"17",2015-01-17,30.291883566817
"18",2015-01-18,30.5602950492816
"19",2015-01-19,30.6364848630732
"20",2015-01-20,30.2966562734259
"21",2015-01-21,30.387097229329
"22",2015-01-22,30.4766789430438
"23",2015-01-23,30.1335406111273
"24",2015-01-24,30.2411598054789
"25",2015-01-25,30.4512204231534
"26",2015-01-26,30.4558715191788
"27",2015-01-27,30.415369446562
"28",2015-01-28,30.7645996543445
"29",2015-01-29,30.0161390885022
"30",2015-01-30,30.3269598669542
"31",2015-01-31,30.2913897225567
"32",2015-02-01,30.6013591463957
"33",2015-02-02,30.259370443226
"34",2015-02-03,30.093244452831
"35",2015-02-04,30.4114102079393
"36",2015-02-05,30.2784696464744
"37",2015-02-06,30.4904280863894
"38",2015-02-07,30.5417694181785
"39",2015-02-08,30.6802271630271
"40",2015-02-09,30.6400955459515
"41",2015-02-10,30.5723100094426
"42",2015-02-11,30.3446246937675
"43",2015-02-12,30.3912117870976
"44",2015-02-13,30.737099985064
"45",2015-02-14,30.2899431700774
"46",2015-02-15,30.281508372354
"47",2015-02-16,30.4342632603672
"48",2015-02-17,30.5420496803953
"49",2015-02-18,30.4984041231026
"50",2015-02-19,30.6562391710294
"51",2015-02-20,30.4155995723356
"52",2015-02-21,30.4475768088849
"53",2015-02-22,30.676863414265
"54",2015-02-23,30.7384096521848
"55",2015-02-24,30.398653541576
"56",2015-02-25,30.2113947661426
"57",2015-02-26,NA
"58",2015-02-27,30.2064344075348
"59",2015-02-28,30.6844490641168
"60",2015-03-01,30.6913087405359
"61",2015-03-02,30.7929661972965
"62",2015-03-03,30.9244121343503
"63",2015-03-04,30.9573172927603
"64",2015-03-05,30.9445328589234
"65",2015-03-06,30.4385462627102
"66",2015-03-07,30.4468825707502
"67",2015-03-08,30.5443199283056
"68",2015-03-09,30.2522630827576
"69",2015-03-10,30.7475715348486
"70",2015-03-11,30.4677782181338
"71",2015-03-12,30.5554673587329
"72",2015-03-13,30.3627892380463
"73",2015-03-14,30.3106126949755
"74",2015-03-15,30.5338021346011
"75",2015-03-16,30.4584915047168
"76",2015-03-17,30.6881539943229
"77",2015-03-18,30.6797688685561
"78",2015-03-19,30.5427399190733
"79",2015-03-20,31.0946388107171
"80",2015-03-21,30.8403089067202
"81",2015-03-22,30.5595717287034
"82",2015-03-23,30.592554441532
"83",2015-03-24,30.613285536783
"84",2015-03-25,30.5126936751116
"85",2015-03-26,30.3607781189277
"86",2015-03-27,30.9279945331797
"87",2015-03-28,31.1423661307577
"88",2015-03-29,30.8880907944898
"89",2015-03-30,30.9258083615557
"90",2015-03-31,31.1785594967828
"91",2015-04-01,30.8336432604472
"92",2015-04-02,31.0754448705238
"93",2015-04-03,31.0775199537791
"94",2015-04-04,30.8213646453797
"95",2015-04-05,30.7004034917369
"96",2015-04-06,30.8424222041151
"97",2015-04-07,30.997599885652
"98",2015-04-08,NA
"99",2015-04-09,NA
"100",2015-04-10,NA
"101",2015-04-11,NA
"102",2015-04-12,NA
"103",2015-04-13,NA
"104",2015-04-14,NA
"105",2015-04-15,NA
"106",2015-04-16,NA
"107",2015-04-17,NA
"108",2015-04-18,NA
"109",2015-04-19,NA
"110",2015-04-20,NA
"111",2015-04-21,NA
"112",2015-04-22,NA
"113",2015-04-23,NA
"114",2015-04-24,NA
"115",2015-04-25,NA
"116",2015-04-26,NA
"117",2015-04-27,NA
"118",2015-04-28,NA
"119",2015-04-29,31.2678492800448
"120",2015-04-30,30.953704791724
"121",2015-05-01,31.2909912331884
"122",2015-05-02,30.9113742306265
"123",2015-05-03,31.2528064523569
"124",2015-05-04,31.1854880393233
"125",2015-05-05,31.2423760231426
"126",2015-05-06,31.4823481824205
"127",2015-05-07,30.7884157756218
"128",2015-05-08,31.4519441236564
"129",2015-05-09,31.2338897441928
"130",2015-05-10,31.3417379674357
"131",2015-05-11,30.8565672604327
"132",2015-05-12,31.0916066623201
"133",2015-05-13,30.9998251678795
"134",2015-05-14,31.0474377363078
"135",2015-05-15,31.3184395672627
"136",2015-05-16,31.0017015757307
"137",2015-05-17,31.069412636116
"138",2015-05-18,30.9716756946858
"139",2015-05-19,30.9982092425272
"140",2015-05-20,30.985789784311
"141",2015-05-21,30.9463114863951
"142",2015-05-22,31.3141858485316
"143",2015-05-23,31.3105178286489
"144",2015-05-24,31.0718388709505
"145",2015-05-25,30.7772289129956
"146",2015-05-26,30.789095709877
"147",2015-05-27,31.0670798985844
"148",2015-05-28,30.6312747001076
"149",2015-05-29,30.8695375905724
"150",2015-05-30,31.0279411571573
"151",2015-05-31,30.866574119519
"152",2015-06-01,31.2275077142516
"153",2015-06-02,30.9298741673711
"154",2015-06-03,30.9569409492326
"155",2015-06-04,30.526306286622
"156",2015-06-05,31.1780728087118
"157",2015-06-06,30.785428592851
"158",2015-06-07,31.2876405245948
"159",2015-06-08,30.5745711309686
"160",2015-06-09,30.8909708218055
"161",2015-06-10,30.9241282307673
"162",2015-06-11,30.893196848648
"163",2015-06-12,30.7528562524498
"164",2015-06-13,30.7562318132095
"165",2015-06-14,31.0267632602113
"166",2015-06-15,30.8771467712702
"167",2015-06-16,30.4386155007642
"168",2015-06-17,30.6446210128611
"169",2015-06-18,30.6496100299921
"170",2015-06-19,30.9105532289605
"171",2015-06-20,31.2034283157578
"172",2015-06-21,30.6279050616366
"173",2015-06-22,30.5827287704041
"174",2015-06-23,30.6207017909848
"175",2015-06-24,30.8368656903259
"176",2015-06-25,30.7460353142663
"177",2015-06-26,31.0585812759777
"178",2015-06-27,30.6182030410104
"179",2015-06-28,30.826947503213
"180",2015-06-29,30.9475673577515
"181",2015-06-30,30.6150167132944
"182",2015-07-01,30.7114680115075
"183",2015-07-02,30.7353270674979
"184",2015-07-03,30.4393353361274
"185",2015-07-04,30.6151335762667
"186",2015-07-05,31.0493796706288
"187",2015-07-06,30.5947307738696
"188",2015-07-07,30.4723917699516
"189",2015-07-08,30.6806333298796
"190",2015-07-09,30.5082996172587
"191",2015-07-10,30.4104974273224
"192",2015-07-11,30.9689187582247
"193",2015-07-12,30.6966882418516
"194",2015-07-13,30.6409948277901
"195",2015-07-14,30.2408004572381
"196",2015-07-15,30.5514103020751
"197",2015-07-16,30.7666367561856
"198",2015-07-17,30.6129487502439
"199",2015-07-18,30.6788283307324
"200",2015-07-19,30.5137127025516
"201",2015-07-20,30.3892862357238
"202",2015-07-21,30.6901538438814
"203",2015-07-22,30.7688496259701
"204",2015-07-23,30.6269015802386
"205",2015-07-24,30.3381299050339
"206",2015-07-25,30.6275296107195
"207",2015-07-26,30.7030806758625
"208",2015-07-27,30.5689027737722
"209",2015-07-28,30.4264830414519
"210",2015-07-29,30.5863296769415
"211",2015-07-30,30.6175949074611
"212",2015-07-31,30.735055738671
"213",2015-08-01,30.6206342675458
"214",2015-08-02,30.5410716264545
"215",2015-08-03,31.093271996949
"216",2015-08-04,30.5856903762781
"217",2015-08-05,NA
"218",2015-08-06,30.0607239023505
"219",2015-08-07,30.6332386871413
"220",2015-08-08,30.6057138855105
"221",2015-08-09,30.2057170723622
"222",2015-08-10,30.4859703016186
"223",2015-08-11,30.3246427685488
"224",2015-08-12,30.3120537368859
"225",2015-08-13,30.1260015366869
"226",2015-08-14,30.0046220234397
"227",2015-08-15,30.1668900648549
"228",2015-08-16,30.1742665630297
"229",2015-08-17,30.2355124881209
"230",2015-08-18,30.0629555359995
"231",2015-08-19,30.179612239871
"232",2015-08-20,30.3006461826764
"233",2015-08-21,30.2343839411748
"234",2015-08-22,30.3126294795098
"235",2015-08-23,29.9688883161663
"236",2015-08-24,30.114134018447
"237",2015-08-25,30.0913632458974
"238",2015-08-26,30.3183170705223
"239",2015-08-27,29.8085489211971
"240",2015-08-28,30.037048377822
"241",2015-08-29,30.0552348051786
"242",2015-08-30,30.1434545609473
"243",2015-08-31,29.9565650906247
"244",2015-09-01,29.9512454005465
"245",2015-09-02,30.3254910238583
"246",2015-09-03,29.9249092245823
"247",2015-09-04,29.9533201921587
"248",2015-09-05,29.9581727709236
"249",2015-09-06,29.6050908646755
"250",2015-09-07,29.6365026373754
"251",2015-09-08,29.9259483406637
"252",2015-09-09,30.1905652807371
"253",2015-09-10,29.869815253928
"254",2015-09-11,29.8316303033941
"255",2015-09-12,29.9626582773498
"256",2015-09-13,30.0864495769821
"257",2015-09-14,30.2105659035161
"258",2015-09-15,29.7975634906791
"259",2015-09-16,29.5280758977415
"260",2015-09-17,29.7081338869964
"261",2015-09-18,29.9306109445612
"262",2015-09-19,29.9315842156875
"263",2015-09-20,29.877748338857
"264",2015-09-21,29.7912777751491
"265",2015-09-22,29.9638763164429
"266",2015-09-23,29.8422055597539
"267",2015-09-24,29.7115458757118
"268",2015-09-25,30.0804624814387
"269",2015-09-26,29.6825140318782
"270",2015-09-27,29.8937686792198
"271",2015-09-28,29.5960287517753
"272",2015-09-29,29.592316381442
"273",2015-09-30,29.7765529214851
"274",2015-10-01,30.01071002574
"275",2015-10-02,29.5097233400802
"276",2015-10-03,29.8917990471626
"277",2015-10-04,30.1099695372033
"278",2015-10-05,29.5260472306847
"279",2015-10-06,29.7683945417595
"280",2015-10-07,29.5194617342383
"281",2015-10-08,29.6191352707906
"282",2015-10-09,29.6359436747916
"283",2015-10-10,29.8996765131957
"284",2015-10-11,29.7532259192104
"285",2015-10-12,29.5843145862324
"286",2015-10-13,29.8860490645698
"287",2015-10-14,29.3220155899023
"288",2015-10-15,29.6753558749302
"289",2015-10-16,29.6585779147661
"290",2015-10-17,29.9076769799998
"291",2015-10-18,29.5826764566617
"292",2015-10-19,29.4152969236744
"293",2015-10-20,29.8224920255006
"294",2015-10-21,29.5027796917218
"295",2015-10-22,29.570825156466
"296",2015-10-23,29.8420940564213
"297",2015-10-24,29.4119037424368
"298",2015-10-25,29.3860219084821
"299",2015-10-26,29.5940482379362
"300",2015-10-27,29.7722962588815
"301",2015-10-28,29.53689838372
"302",2015-10-29,29.7241804582413
"303",2015-10-30,29.4383489676088
"304",2015-10-31,29.4638284715819
"305",2015-11-01,29.9698670944129
"306",2015-11-02,29.8796988951493
"307",2015-11-03,29.5506215428108
"308",2015-11-04,29.5074449984186
"309",2015-11-05,29.9323449171877
"310",2015-11-06,29.623013107354
"311",2015-11-07,29.5395608820191
"312",2015-11-08,29.4803804617668
"313",2015-11-09,29.5315598242493
"314",2015-11-10,29.7274924310899
"315",2015-11-11,29.6341694726973
"316",2015-11-12,29.4366690840824
"317",2015-11-13,29.6885882289383
"318",2015-11-14,29.8413214074005
"319",2015-11-15,29.4834809325514
"320",2015-11-16,29.8648482203782
"321",2015-11-17,29.8662770838214
"322",2015-11-18,30.1954069135292
"323",2015-11-19,29.7176411070907
"324",2015-11-20,29.7955728348898
"325",2015-11-21,29.3979063443706
"326",2015-11-22,29.5247513853545
"327",2015-11-23,29.7576875449373
"328",2015-11-24,29.815169659206
"329",2015-11-25,29.5084503637216
"330",2015-11-26,29.1825001050151
"331",2015-11-27,29.8801549230477
"332",2015-11-28,29.369802544979
"333",2015-11-29,30.0327324111116
"334",2015-11-30,29.6779518962579
"335",2015-12-01,29.833762119025
"336",2015-12-02,29.7410955146319
"337",2015-12-03,29.735337078126
"338",2015-12-04,29.5869806595724
"339",2015-12-05,29.7274718019455
"340",2015-12-06,29.6603443416604
"341",2015-12-07,29.6199475797368
"342",2015-12-08,29.7486976493713
"343",2015-12-09,29.4855619878162
"344",2015-12-10,29.6271567453605
"345",2015-12-11,29.6823431536729
"346",2015-12-12,29.544718625494
"347",2015-12-13,29.6494624984015
"348",2015-12-14,29.5893659182879
"349",2015-12-15,29.7844356690082
"350",2015-12-16,29.5583657576382
"351",2015-12-17,29.9400519262647
"352",2015-12-18,29.2243250291
"353",2015-12-19,29.4622736781405
"354",2015-12-20,30.1170936996245
"355",2015-12-21,29.4857587508807
"356",2015-12-22,29.9349620922479
"357",2015-12-23,29.5002076167632
"358",2015-12-24,29.5485825737826
"359",2015-12-25,29.4713629231721
"360",2015-12-26,29.4990035169946
"361",2015-12-27,29.9097741356794
"362",2015-12-28,29.46055728854
"363",2015-12-29,29.6988001174783
"364",2015-12-30,29.764370585273
"365",2015-12-31,29.9773184297321
"366",2016-01-01,29.4646102035177
"367",2016-01-02,29.6584670920005
"368",2016-01-03,29.85742799949
"369",2016-01-04,29.6316897167517
"370",2016-01-05,29.8428036466437
"371",2016-01-06,29.4570912357239
"372",2016-01-07,29.6897315820956
"373",2016-01-08,29.6518230544946
"374",2016-01-09,29.73521115407
"375",2016-01-10,29.6852252743473
"376",2016-01-11,29.5593393194104
"377",2016-01-12,29.7430045412164
"378",2016-01-13,29.6113623699869
"379",2016-01-14,29.495509722431
"380",2016-01-15,29.9313214466141
"381",2016-01-16,29.9167611575853
"382",2016-01-17,29.6815906821413
"383",2016-01-18,29.6733912194679
"384",2016-01-19,29.7301350736339
"385",2016-01-20,29.6328948572922
"386",2016-01-21,29.6239015147016
"387",2016-01-22,29.4224618139209
"388",2016-01-23,29.670650471829
"389",2016-01-24,29.1256662604959
"390",2016-01-25,29.6258736999246
"391",2016-01-26,29.7599016001057
"392",2016-01-27,29.291746957667
"393",2016-01-28,29.7858604812523
"394",2016-01-29,29.9083999347666
"395",2016-01-30,29.7067669545417
"396",2016-01-31,29.6243095915113
"397",2016-02-01,29.7695247173401
"398",2016-02-02,29.4770287851755
"399",2016-02-03,29.2128299167524
"400",2016-02-04,29.8267228983497
"401",2016-02-05,29.4592780389306
"402",2016-02-06,29.9289885310436
"403",2016-02-07,29.8876457026244
"404",2016-02-08,29.8119429303745
"405",2016-02-09,29.732163147469
"406",2016-02-10,29.5009033433637
"407",2016-02-11,29.4015293468272
"408",2016-02-12,29.7148450342495
"409",2016-02-13,29.717503139735
"410",2016-02-14,29.4216696721824
"411",2016-02-15,29.8138226816875
"412",2016-02-16,29.7165241137154
"413",2016-02-17,29.891685587453
"414",2016-02-18,29.6213985013061
"415",2016-02-19,29.7655216715517
"416",2016-02-20,29.7885722869517
"417",2016-02-21,29.567135905901
"418",2016-02-22,29.7781730586353
"419",2016-02-23,29.5579853318836
"420",2016-02-24,29.626329003726
"421",2016-02-25,29.3376329654783
"422",2016-02-26,29.7590555336414
"423",2016-02-27,29.9537700743173
"424",2016-02-28,29.7901683500832
"425",2016-02-29,29.6922036007017
"426",2016-03-01,29.8410800749071
"427",2016-03-02,29.5602873965413
"428",2016-03-03,29.733481464098
"429",2016-03-04,29.3285937406067
"430",2016-03-05,29.8261022561603
"431",2016-03-06,29.8882162225978
"432",2016-03-07,29.3647611578603
"433",2016-03-08,29.8796838964095
"434",2016-03-09,29.6807465231037
"435",2016-03-10,29.561103783564
"436",2016-03-11,29.7964431773566
"437",2016-03-12,29.6059381116749
"438",2016-03-13,29.5994452097913
"439",2016-03-14,29.2869228629601
"440",2016-03-15,29.5679693482941
"441",2016-03-16,29.906340699689
"442",2016-03-17,29.5924222015538
"443",2016-03-18,29.6603788647522
"444",2016-03-19,29.6409104080332
"445",2016-03-20,29.721371025168
"446",2016-03-21,30.1749296459351
"447",2016-03-22,29.6033418252834
"448",2016-03-23,29.2446439603878
"449",2016-03-24,29.9530466183983
"450",2016-03-25,29.8784023300057
"451",2016-03-26,29.8959698541425
"452",2016-03-27,29.949896218473
"453",2016-03-28,29.6791472365974
"454",2016-03-29,29.7166896985093
"455",2016-03-30,29.885401381525
"456",2016-03-31,30.2138534232269
"457",2016-04-01,29.4077833712591
"458",2016-04-02,29.6553376713537
"459",2016-04-03,29.3909588631786
"460",2016-04-04,29.6385403680343
"461",2016-04-05,29.776172030694
"462",2016-04-06,29.8477500877664
"463",2016-04-07,29.8356479720015
"464",2016-04-08,30.0478114503198
"465",2016-04-09,29.5353350887387
"466",2016-04-10,29.5237130596158
"467",2016-04-11,29.6914691486063
"468",2016-04-12,29.6130315052321
"469",2016-04-13,29.7075208606099
"470",2016-04-14,29.7251437032183
"471",2016-04-15,29.3026381965295
"472",2016-04-16,29.3771956446477
"473",2016-04-17,29.831413449398
"474",2016-04-18,29.6105525319089
"475",2016-04-19,29.6689344455568
"476",2016-04-20,29.6437704446218
"477",2016-04-21,29.7955510309598
"478",2016-04-22,29.5288861218717
"479",2016-04-23,29.5223543365558
"480",2016-04-24,29.5493986143302
"481",2016-04-25,29.2987287132744
"482",2016-04-26,29.5999639766084
"483",2016-04-27,29.7388831298409
"484",2016-04-28,29.8660467006847
"485",2016-04-29,29.7380992409558
"486",2016-04-30,29.6532572356003
"487",2016-05-01,30.0052391762539
"488",2016-05-02,29.7004906241805
"489",2016-05-03,29.7998668735589
"490",2016-05-04,29.8323962262294
"491",2016-05-05,30.0845096534707
"492",2016-05-06,29.4946728759207
"493",2016-05-07,29.9408046154427
"494",2016-05-08,29.5469582624918
"495",2016-05-09,29.522691346848
"496",2016-05-10,29.9042281428504
"497",2016-05-11,30.0736611410194
"498",2016-05-12,29.5771989875268
"499",2016-05-13,29.9755212440386
"500",2016-05-14,30.0239330281558
"501",2016-05-15,29.8266475912576
"502",2016-05-16,30.0664302480663
"503",2016-05-17,29.6561917989259
"504",2016-05-18,29.6686743446299
"505",2016-05-19,29.4787994021498
"506",2016-05-20,29.9655628045955
"507",2016-05-21,29.7226336532674
"508",2016-05-22,29.6808321020098
"509",2016-05-23,29.4043273033951
"510",2016-05-24,29.6087883841167
"511",2016-05-25,29.7757036140877
"512",2016-05-26,29.6847018044053
"513",2016-05-27,29.764742369573
"514",2016-05-28,29.3048525813799
"515",2016-05-29,29.8803783994558
"516",2016-05-30,29.7370463780376
"517",2016-05-31,29.8373596767608
"518",2016-06-01,29.7115118515309
"519",2016-06-02,29.8722476823635
"520",2016-06-03,29.9833023933907
"521",2016-06-04,29.8299485544121
"522",2016-06-05,29.6525573847784
"523",2016-06-06,29.1711898453443
"524",2016-06-07,29.5295341658073
"525",2016-06-08,29.9192440868427
"526",2016-06-09,29.7420146027703
"527",2016-06-10,29.3812630786603
"528",2016-06-11,29.6202835703377
"529",2016-06-12,29.8202075659589
"530",2016-06-13,29.6294386082498
"531",2016-06-14,29.0240346172247
"532",2016-06-15,29.939611320933
"533",2016-06-16,29.5974078157116
"534",2016-06-17,29.6357634334271
"535",2016-06-18,29.3905697579216
"536",2016-06-19,29.4306493691519
"537",2016-06-20,29.0787615401039
"538",2016-06-21,29.2271976367609
"539",2016-06-22,29.1594749052054
"540",2016-06-23,29.5613204626147
"541",2016-06-24,29.5258973329026
"542",2016-06-25,29.4653007104616
"543",2016-06-26,29.1219817968658
"544",2016-06-27,29.3047479851206
"545",2016-06-28,29.5439134272264
"546",2016-06-29,29.3655746725294
"547",2016-06-30,29.1002990369749
"548",2016-07-01,29.3445445535591
"549",2016-07-02,29.2867190692993
"550",2016-07-03,29.5242584918919
"551",2016-07-04,29.5079274807187
"552",2016-07-05,29.3755734074997
"553",2016-07-06,29.0326182383593
"554",2016-07-07,29.2763990772403
"555",2016-07-08,29.2255993322891
"556",2016-07-09,29.2402128398366
"557",2016-07-10,29.2579142412876
"558",2016-07-11,29.229983089106
"559",2016-07-12,29.5225280261802
"560",2016-07-13,28.9937836857378
"561",2016-07-14,29.1696527745608
"562",2016-07-15,29.2617656737612
"563",2016-07-16,28.9225962360218
"564",2016-07-17,29.2897867295751
"565",2016-07-18,29.2655889462936
"566",2016-07-19,29.2419274985022
"567",2016-07-20,29.4838028213653
"568",2016-07-21,29.0377595357308
"569",2016-07-22,29.1648805346686
"570",2016-07-23,29.0411389359783
"571",2016-07-24,29.3533395336535
"572",2016-07-25,29.2650525034156
"573",2016-07-26,29.1491224929837
"574",2016-07-27,29.3898505975095
"575",2016-07-28,29.0985102748648
"576",2016-07-29,28.863868891915
"577",2016-07-30,29.4716915913795
"578",2016-07-31,28.9315482108137
"579",2016-08-01,29.3038063387007
"580",2016-08-02,29.2942373984807
"581",2016-08-03,29.1365482716038
"582",2016-08-04,29.0114789483775
"583",2016-08-05,29.3362057735647
"584",2016-08-06,29.1150493060781
"585",2016-08-07,29.3970147142893
"586",2016-08-08,29.2458526750017
"587",2016-08-09,29.0118868436509
"588",2016-08-10,28.9278731428922
"589",2016-08-11,29.254006610856
"590",2016-08-12,29.5967058123148
"591",2016-08-13,29.2921210311629
"592",2016-08-14,29.28764700859
"593",2016-08-15,29.3126499863271
"594",2016-08-16,29.2621960992398
"595",2016-08-17,29.4904771297865
"596",2016-08-18,29.2943302085655
"597",2016-08-19,29.2209540995336
"598",2016-08-20,29.2395413754628
"599",2016-08-21,29.1512002404901
"600",2016-08-22,29.519898101538
"601",2016-08-23,29.3007119500042
"602",2016-08-24,29.230771159637
"603",2016-08-25,28.9028629679844
"604",2016-08-26,29.2382745679673
"605",2016-08-27,29.2100295410751
"606",2016-08-28,29.1785772021169
"607",2016-08-29,29.1064697993732
"608",2016-08-30,29.0746969042653
"609",2016-08-31,29.0547081475424
"610",2016-09-01,29.0621166723257
"611",2016-09-02,29.0544397519209
"612",2016-09-03,29.2755336608189
"613",2016-09-04,29.3743621332315
"614",2016-09-05,29.6336481091757
"615",2016-09-06,29.1459712782817
"616",2016-09-07,29.0883862129589
"617",2016-09-08,29.3697103782438
"618",2016-09-09,29.2791783840719
"619",2016-09-10,29.3947663662385
"620",2016-09-11,29.386434436239
"621",2016-09-12,29.3492227732212
"622",2016-09-13,28.8521872203608
"623",2016-09-14,29.286085355505
"624",2016-09-15,29.1850980367877
"625",2016-09-16,29.6968755352068
"626",2016-09-17,29.1628544114294
"627",2016-09-18,29.4763059559004
"628",2016-09-19,28.9190034943192
"629",2016-09-20,28.9523128254956
"630",2016-09-21,29.176323044272
"631",2016-09-22,29.4263477139474
"632",2016-09-23,29.2190059135926
"633",2016-09-24,28.7254084982165
"634",2016-09-25,29.1216736309295
"635",2016-09-26,29.4155547327965
"636",2016-09-27,29.3757101875125
"637",2016-09-28,29.2519447377463
"638",2016-09-29,28.9056596371267
"639",2016-09-30,29.1018446537908
"640",2016-10-01,29.3984386280057
"641",2016-10-02,28.8986481876964
"642",2016-10-03,29.2951366232656
"643",2016-10-04,29.3409610395861
"644",2016-10-05,29.0140424954918
"645",2016-10-06,29.3219152813141
"646",2016-10-07,29.0233474690842
"647",2016-10-08,29.2194957260401
"648",2016-10-09,29.1546589523072
"649",2016-10-10,29.1888214290602
"650",2016-10-11,28.808150794989
"651",2016-10-12,28.9751746177868
"652",2016-10-13,28.7942280536915
"653",2016-10-14,29.2960877419486
"654",2016-10-15,29.2557400563133
"655",2016-10-16,29.0869625585389
"656",2016-10-17,28.9658813981113
"657",2016-10-18,29.303584527307
"658",2016-10-19,29.3511327647926
"659",2016-10-20,29.1131745631459
"660",2016-10-21,28.8424087210287
"661",2016-10-22,28.9127283675866
"662",2016-10-23,28.9383234555768
"663",2016-10-24,28.8805421243848
"664",2016-10-25,29.2601597373102
"665",2016-10-26,29.2081967304655
"666",2016-10-27,29.1152614247504
"667",2016-10-28,28.9542403465269
"668",2016-10-29,28.4451314446675
"669",2016-10-30,29.1842029211825
"670",2016-10-31,29.3479740637357
"671",2016-11-01,29.3769060197798
"672",2016-11-02,29.0952334810712
"673",2016-11-03,29.0428413346625
"674",2016-11-04,28.8315269301597
"675",2016-11-05,29.0312668218615
"676",2016-11-06,29.0281405567581
"677",2016-11-07,29.3269097742152
"678",2016-11-08,29.3415880640785
"679",2016-11-09,29.0449833560521
"680",2016-11-10,29.0638950420835
"681",2016-11-11,28.8481620185998
"682",2016-11-12,28.8800137828997
"683",2016-11-13,29.609315017713
"684",2016-11-14,28.8961371674019
"685",2016-11-15,28.8955328967118
"686",2016-11-16,29.1707893596713
"687",2016-11-17,29.028432708119
"688",2016-11-18,29.0394835663376
"689",2016-11-19,29.1026450379335
"690",2016-11-20,28.7543465694488
"691",2016-11-21,28.8139401725834
"692",2016-11-22,29.3001684589209
"693",2016-11-23,29.2943588684562
"694",2016-11-24,28.9674424293049
"695",2016-11-25,29.2968246121427
"696",2016-11-26,28.9740654249874
"697",2016-11-27,29.4000799110374
"698",2016-11-28,28.9614454947099
"699",2016-11-29,28.8280612072877
"700",2016-11-30,29.2610537489698
"701",2016-12-01,29.1090901794442
"702",2016-12-02,28.8212056048026
"703",2016-12-03,29.0410183690875
"704",2016-12-04,28.9640687242661
"705",2016-12-05,29.3771413086597
"706",2016-12-06,29.055348430874
"707",2016-12-07,29.2956462633201
"708",2016-12-08,28.8673240437244
"709",2016-12-09,29.4386099190545
"710",2016-12-10,29.2385252005063
"711",2016-12-11,29.0016989808644
"712",2016-12-12,29.6113700214411
"713",2016-12-13,28.8622661517253
"714",2016-12-14,28.9402665318407
"715",2016-12-15,29.4032965945442
"716",2016-12-16,29.2640179397555
"717",2016-12-17,29.0342722264662
"718",2016-12-18,28.8696567882531
"719",2016-12-19,28.9931757934581
"720",2016-12-20,28.7300788922546
"721",2016-12-21,29.0503137643703
"722",2016-12-22,29.0328347433873
"723",2016-12-23,29.285767821111
"724",2016-12-24,29.4336283413671
"725",2016-12-25,29.3239978961968
"726",2016-12-26,29.2296438686826
"727",2016-12-27,29.1053395574213
"728",2016-12-28,28.878442189029
"729",2016-12-29,28.8863613514928
"730",2016-12-30,29.3576772574467
"731",2016-12-31,29.0855851944983
"732",2017-01-01,29.0879485632966
"733",2017-01-02,29.2683436770503
"734",2017-01-03,29.022221584865
"735",2017-01-04,29.0040160531351
"736",2017-01-05,29.0674916347604
"737",2017-01-06,28.8456364541233
"738",2017-01-07,28.7882318123378
"739",2017-01-08,29.2504396537957
"740",2017-01-09,29.1525535220734
"741",2017-01-10,29.368976428058
"742",2017-01-11,28.9262981807152
"743",2017-01-12,29.3076178236474
"744",2017-01-13,29.8289458004609
"745",2017-01-14,29.3630118866531
"746",2017-01-15,29.3606154704118
"747",2017-01-16,29.5838190249165
"748",2017-01-17,29.325948280303
"749",2017-01-18,29.3311965286813
"750",2017-01-19,29.1326506669052
"751",2017-01-20,29.1654908678023
"752",2017-01-21,29.4491766123204
"753",2017-01-22,29.1426119096043
"754",2017-01-23,29.4701640346074
"755",2017-01-24,29.0921095705773
"756",2017-01-25,29.3525298404804
"757",2017-01-26,29.3063205407032
"758",2017-01-27,29.2549755292138
"759",2017-01-28,29.1363610143733
"760",2017-01-29,29.5063730010309
"761",2017-01-30,29.4880274785079
"762",2017-01-31,29.2352186304464
"763",2017-02-01,29.0306882229057
"764",2017-02-02,29.4329159158599
"765",2017-02-03,29.4865814355567
"766",2017-02-04,29.6810594136252
"767",2017-02-05,29.7355711478512
"768",2017-02-06,29.4939477124556
"769",2017-02-07,29.4931453930382
"770",2017-02-08,29.30751197282
"771",2017-02-09,29.2429792080832
"772",2017-02-10,29.5857420574378
"773",2017-02-11,29.838190909411
"774",2017-02-12,29.2764976160923
"775",2017-02-13,29.2983363018032
"776",2017-02-14,29.5481729135076
"777",2017-02-15,29.9133290468465
"778",2017-02-16,29.6900916897861
"779",2017-02-17,29.5158686958227
"780",2017-02-18,29.7520510143663
"781",2017-02-19,29.6375382236813
"782",2017-02-20,29.3329827318022
"783",2017-02-21,29.4410493195184
"784",2017-02-22,30.1060981047308
"785",2017-02-23,30.1096431591444
"786",2017-02-24,30.1816853046733
"787",2017-02-25,29.8714575068621
"788",2017-02-26,30.1459984872398
"789",2017-02-27,29.7507741007275
"790",2017-02-28,30.1325053331415
"791",2017-03-01,29.9627308472274
"792",2017-03-02,30.3362823508378
"793",2017-03-03,29.881516445089
"794",2017-03-04,30.2026542632345
"795",2017-03-05,30.3003091075662
"796",2017-03-06,30.2146985493715
"797",2017-03-07,29.7615386451196
"798",2017-03-08,30.1613143789777
"799",2017-03-09,30.0580849689139
"800",2017-03-10,29.8492800462624
"801",2017-03-11,30.3289360902196
"802",2017-03-12,29.8794616979448
"803",2017-03-13,30.3495493178824
"804",2017-03-14,29.5721472383511
"805",2017-03-15,30.1061338251299
"806",2017-03-16,29.8301443319454
"807",2017-03-17,29.6473766921299
"808",2017-03-18,30.1150224810306
"809",2017-03-19,30.1582579996214
"810",2017-03-20,30.1317273714717
"811",2017-03-21,30.1049192377666
"812",2017-03-22,30.3913415729838
"813",2017-03-23,30.114776798464
"814",2017-03-24,30.3908989250865
"815",2017-03-25,30.4896174845943
"816",2017-03-26,30.4850456959786
"817",2017-03-27,30.1580171720734
"818",2017-03-28,30.2467735685932
"819",2017-03-29,30.3902372382147
"820",2017-03-30,30.6704118243891
"821",2017-03-31,30.6002802388869
"822",2017-04-01,30.3279508136458
"823",2017-04-02,30.5305518261568
"824",2017-04-03,30.3643799681578
"825",2017-04-04,30.4512891619625
"826",2017-04-05,30.3666747140496
"827",2017-04-06,30.5484223929788
"828",2017-04-07,30.4656772690615
"829",2017-04-08,30.325511895643
"830",2017-04-09,30.4231294096952
"831",2017-04-10,30.3338524251898
"832",2017-04-11,30.6442886463564
"833",2017-04-12,30.5025040131841
"834",2017-04-13,30.8680390495918
"835",2017-04-14,30.4828024757342
"836",2017-04-15,30.078715172821
"837",2017-04-16,30.6922854727327
"838",2017-04-17,30.7527427885849
"839",2017-04-18,30.6489531572494
"840",2017-04-19,30.6132275707585
"841",2017-04-20,30.3250306763362
"842",2017-04-21,30.3966824100294
"843",2017-04-22,30.4388883956114
"844",2017-04-23,30.7189135228726
"845",2017-04-24,30.5353890656241
"846",2017-04-25,30.4945463703049
"847",2017-04-26,30.3353996653672
"848",2017-04-27,30.4057354167759
"849",2017-04-28,30.6534097974765
"850",2017-04-29,30.3459450053486
"851",2017-04-30,30.467351498685
"852",2017-05-01,30.3407925447851
"853",2017-05-02,30.2108509669822
"854",2017-05-03,30.0272987017552
"855",2017-05-04,30.6471432639486
"856",2017-05-05,30.6949863513614
"857",2017-05-06,30.3700421128144
"858",2017-05-07,30.5171683378182
"859",2017-05-08,30.4675226793101
"860",2017-05-09,30.613984144273
"861",2017-05-10,30.4079288676284
"862",2017-05-11,30.4315070721124
"863",2017-05-12,30.5078576305993
"864",2017-05-13,30.6935517797133
"865",2017-05-14,30.036599406761
"866",2017-05-15,30.8204803435578
"867",2017-05-16,30.7971100568868
"868",2017-05-17,30.1544226365044
"869",2017-05-18,30.3508616119194
"870",2017-05-19,30.5081869350635
"871",2017-05-20,30.0522013703078
"872",2017-05-21,30.1947118195353
"873",2017-05-22,30.6277628233958
"874",2017-05-23,30.3510083255097
"875",2017-05-24,30.0072462528062
"876",2017-05-25,30.0889630750467
"877",2017-05-26,30.237966126705
"878",2017-05-27,30.2735409833512
"879",2017-05-28,30.466734708776
"880",2017-05-29,30.0919749995649
"881",2017-05-30,30.4371576266185
"882",2017-05-31,30.0536242887581
"883",2017-06-01,30.0958671402977
"884",2017-06-02,30.2186985985196
"885",2017-06-03,30.5776819898804
"886",2017-06-04,30.0408343898312
"887",2017-06-05,29.9500255943533
"888",2017-06-06,30.3658786903603
"889",2017-06-07,30.3779319467169
"890",2017-06-08,30.4496551988841
"891",2017-06-09,30.4116989437878
"892",2017-06-10,30.2588956281113
"893",2017-06-11,29.924827787923
"894",2017-06-12,30.0665054817294
"895",2017-06-13,30.1510990953336
"896",2017-06-14,30.3078326479289
"897",2017-06-15,30.2454357323978
"898",2017-06-16,30.5455517379808
"899",2017-06-17,30.2355832031537
"900",2017-06-18,30.2698524994626
"901",2017-06-19,30.0492817238698
"902",2017-06-20,30.0812610270004
"903",2017-06-21,30.4459460080262
"904",2017-06-22,30.382910375194
"905",2017-06-23,30.4294577247934
"906",2017-06-24,30.0492650581342
"907",2017-06-25,29.8601934836259
"908",2017-06-26,30.4254193726564
"909",2017-06-27,30.0405718763372
"910",2017-06-28,30.4776540920849
"911",2017-06-29,29.7393553558281
"912",2017-06-30,29.915624226297
"913",2017-07-01,30.2336601714084
"914",2017-07-02,30.081816234427
"915",2017-07-03,30.5815158818506
"916",2017-07-04,29.6958811848534
"917",2017-07-05,30.2344822016458
"918",2017-07-06,30.297237651462
"919",2017-07-07,30.3415111533145
"920",2017-07-08,30.4758349083434
"921",2017-07-09,30.2564419127749
"922",2017-07-10,29.8394316993822
"923",2017-07-11,30.4119500662706
"924",2017-07-12,30.3205442014423
"925",2017-07-13,30.0641938625697
"926",2017-07-14,30.2807410139033
"927",2017-07-15,30.3047203199049
"928",2017-07-16,30.1249530769732
"929",2017-07-17,30.1255689840806
"930",2017-07-18,30.2323152698567
"931",2017-07-19,29.9434105432913
"932",2017-07-20,30.5966535572066
"933",2017-07-21,30.0673472606728
"934",2017-07-22,30.205733454006
"935",2017-07-23,30.1469290839875
"936",2017-07-24,30.2813280004941
"937",2017-07-25,30.047007945053
"938",2017-07-26,30.4407162165011
"939",2017-07-27,29.8034627427924
"940",2017-07-28,30.0177208512346
"941",2017-07-29,29.8595597938228
"942",2017-07-30,30.6479952448911
"943",2017-07-31,30.2358305484753
"944",2017-08-01,30.098574081894
"945",2017-08-02,30.2054313558599
"946",2017-08-03,30.2923035295516
"947",2017-08-04,30.5140334990455
"948",2017-08-05,29.9867039146739
"949",2017-08-06,30.089350634705
"950",2017-08-07,30.2641158142079
"951",2017-08-08,30.3264949579507
"952",2017-08-09,30.1946981147642
"953",2017-08-10,30.2491225186686
"954",2017-08-11,30.034351491923
"955",2017-08-12,30.1015547774198
"956",2017-08-13,29.7822859924393
"957",2017-08-14,30.0894038241881
"958",2017-08-15,30.1601019597463
"959",2017-08-16,29.6810633307089
"960",2017-08-17,NA
"961",2017-08-18,30.3044315356544
"962",2017-08-19,29.8701756725397
"963",2017-08-20,29.9528738574099
"964",2017-08-21,29.7691632386386
"965",2017-08-22,30.2608301148081
"966",2017-08-23,30.2981887229163
"967",2017-08-24,29.7051994932705
"968",2017-08-25,30.0055832367969
"969",2017-08-26,29.7200199638224
"970",2017-08-27,30.080110010186
"971",2017-08-28,30.138233094073
"972",2017-08-29,30.1583113790182
"973",2017-08-30,29.9110956729616
"974",2017-08-31,30.2015087679036
"975",2017-09-01,30.2939810260977
"976",2017-09-02,30.341131959735
"977",2017-09-03,30.0366882930875
"978",2017-09-04,30.0352830799546
"979",2017-09-05,29.9621978640609
"980",2017-09-06,30.0268913867522
"981",2017-09-07,30.1952549803136
"982",2017-09-08,30.1112233614176
"983",2017-09-09,30.2594723098529
"984",2017-09-10,29.6802052075387
"985",2017-09-11,30.0992864487167
"986",2017-09-12,30.4207007458949
"987",2017-09-13,30.1475222500916
"988",2017-09-14,30.533994223975
"989",2017-09-15,30.2801600488031
"990",2017-09-16,30.6838331985864
"991",2017-09-17,30.3452744472312
"992",2017-09-18,30.3558781274328
"993",2017-09-19,30.4412692306922
"994",2017-09-20,30.5590433175558
"995",2017-09-21,30.0202845793598
"996",2017-09-22,30.1924793610772
"997",2017-09-23,30.1425480039182
"998",2017-09-24,30.0808528404033
"999",2017-09-25,30.3011676237223
"1000",2017-09-26,30.2888362888645
"1001",2017-09-27,30.5012694427165
"1002",2017-09-28,30.5343018949787
"1003",2017-09-29,30.5562763735905
"1004",2017-09-30,30.4498695547177
"1005",2017-10-01,30.181024615155
"1006",2017-10-02,30.735554408562
"1007",2017-10-03,30.3823759851785
"1008",2017-10-04,30.5084784372395
"1009",2017-10-05,30.2097547651962
"1010",2017-10-06,30.1269615687524
"1011",2017-10-07,30.3298760325973
"1012",2017-10-08,30.5842648359674
"1013",2017-10-09,30.5078329102437
"1014",2017-10-10,30.3700350148663
"1015",2017-10-11,30.341194100597
"1016",2017-10-12,30.4876137103536
"1017",2017-10-13,30.216655622414
"1018",2017-10-14,30.4201380233226
"1019",2017-10-15,30.1821694449405
"1020",2017-10-16,30.6855453770866
"1021",2017-10-17,30.3309402363437
"1022",2017-10-18,30.4915601898763
"1023",2017-10-19,30.438966322959
"1024",2017-10-20,30.261671943979
"1025",2017-10-21,30.6114371412101
"1026",2017-10-22,30.2890008281373
"1027",2017-10-23,29.9978701100582
"1028",2017-10-24,30.4521863209305
"1029",2017-10-25,30.4976023165
"1030",2017-10-26,30.0592821286408
"1031",2017-10-27,30.2214180565861
"1032",2017-10-28,30.275920382171
"1033",2017-10-29,30.3229548404948
"1034",2017-10-30,30.3651079234462
"1035",2017-10-31,30.9251747830808
"1036",2017-11-01,30.4691706484033
"1037",2017-11-02,30.6154681295946
"1038",2017-11-03,30.2684817645847
"1039",2017-11-04,29.9106447529487
"1040",2017-11-05,30.1334162571698
"1041",2017-11-06,30.3450676731535
"1042",2017-11-07,30.116017291153
"1043",2017-11-08,29.9631739218832
"1044",2017-11-09,30.2025896150897
"1045",2017-11-10,30.3487954473345
"1046",2017-11-11,30.310522343371
"1047",2017-11-12,30.1919775418545
"1048",2017-11-13,30.1403908748535
"1049",2017-11-14,30.5858883484667
"1050",2017-11-15,30.6646430392275
"1051",2017-11-16,30.5180541075766
"1052",2017-11-17,30.4372718189878
"1053",2017-11-18,30.8871496018766
"1054",2017-11-19,30.267181035189
"1055",2017-11-20,30.565409743305
"1056",2017-11-21,30.3878839436495
"1057",2017-11-22,30.6160406913873
"1058",2017-11-23,30.6884166470867
"1059",2017-11-24,30.6423714196974
"1060",2017-11-25,30.8150215991599
"1061",2017-11-26,30.3197070992923
"1062",2017-11-27,30.1826442275669
"1063",2017-11-28,30.3962133392025
"1064",2017-11-29,30.6586104189787
"1065",2017-11-30,30.3072647588629
"1066",2017-12-01,30.9262407210932
"1067",2017-12-02,30.1902342189519
"1068",2017-12-03,30.4987980021865
"1069",2017-12-04,30.3787680283499
"1070",2017-12-05,30.6690530953211
"1071",2017-12-06,30.8649040795358
"1072",2017-12-07,30.4917753539807
"1073",2017-12-08,30.4935818397976
"1074",2017-12-09,30.5603150894032
"1075",2017-12-10,30.2719226281948
"1076",2017-12-11,30.7276508482795
"1077",2017-12-12,30.1898490427471
"1078",2017-12-13,30.5821463625144
"1079",2017-12-14,30.5803515404251
"1080",2017-12-15,30.6260938865137
"1081",2017-12-16,30.7691940841482
"1082",2017-12-17,30.8714973537661
"1083",2017-12-18,30.3360886857061
"1084",2017-12-19,30.6891353745485
"1085",2017-12-20,31.0417486911846
"1086",2017-12-21,30.7889167419325
"1087",2017-12-22,31.316561844563
"1088",2017-12-23,31.6298663679752
"1089",2017-12-24,32.2639535928569
"1090",2017-12-25,32.0306010250568
"1091",2017-12-26,31.8828281874835
"1092",2017-12-27,32.1796778194218
"1093",2017-12-28,31.9173412899872
"1094",2017-12-29,31.6103967938456
"1095",2017-12-30,31.7169675411773
"1096",2017-12-31,31.6709383127387
"1097",2018-01-01,31.9319087500098
"1098",2018-01-02,31.8437849718183
"1099",2018-01-03,31.9353868607965
"1100",2018-01-04,31.9927881707877
"1101",2018-01-05,31.651245559877
"1102",2018-01-06,31.677247387392
"1103",2018-01-07,31.6497808550078
"1104",2018-01-08,31.5569550183692
"1105",2018-01-09,31.7109361879131
"1106",2018-01-10,31.8519667790344
"1107",2018-01-11,31.8929443215788
"1108",2018-01-12,32.0994003571488
"1109",2018-01-13,32.2939612456497
"1110",2018-01-14,31.9791265629795
"1111",2018-01-15,31.7446551197098
"1112",2018-01-16,32.0117749519182
"1113",2018-01-17,32.0232318899804
"1114",2018-01-18,31.8026959470642
"1115",2018-01-19,31.946204268163
"1116",2018-01-20,32.0092640847285
"1117",2018-01-21,31.8004098046616
"1118",2018-01-22,31.6774023515309
"1119",2018-01-23,32.0417049956883
"1120",2018-01-24,32.1563130551319
"1121",2018-01-25,32.0897276906202
"1122",2018-01-26,31.8215919967166
"1123",2018-01-27,32.0624456597664
"1124",2018-01-28,32.0494609532195
"1125",2018-01-29,32.231902320794
"1126",2018-01-30,31.9333837932721
"1127",2018-01-31,31.8349967373055
"1128",2018-02-01,32.3462114993629
"1129",2018-02-02,31.9591983670974
"1130",2018-02-03,31.6072442539567
"1131",2018-02-04,32.1890805351807
"1132",2018-02-05,32.0996126855453
"1133",2018-02-06,32.0217144318417
"1134",2018-02-07,32.0008755339121
"1135",2018-02-08,32.3177208532455
"1136",2018-02-09,32.1029442840261
"1137",2018-02-10,32.4898929126959
"1138",2018-02-11,32.4407559425195
"1139",2018-02-12,32.2253524832879
"1140",2018-02-13,32.3175979162115
"1141",2018-02-14,32.2834029029266
"1142",2018-02-15,32.3488559772075
"1143",2018-02-16,32.6025867483202
"1144",2018-02-17,32.4510734940586
"1145",2018-02-18,32.5018429447574
"1146",2018-02-19,32.450179195898
"1147",2018-02-20,32.7077452163964
"1148",2018-02-21,32.7344295782798
"1149",2018-02-22,32.7266420334629
"1150",2018-02-23,32.5045668024831
"1151",2018-02-24,32.4616602440648
"1152",2018-02-25,32.4774728893085
"1153",2018-02-26,32.2925647692847
"1154",2018-02-27,32.6666757849567
"1155",2018-02-28,32.7809778198229
"1156",2018-03-01,32.8625713132306
"1157",2018-03-02,32.9051980967978
"1158",2018-03-03,32.6815945332817
"1159",2018-03-04,32.9725343531942
"1160",2018-03-05,33.2472195956317
"1161",2018-03-06,33.5549257380609
"1162",2018-03-07,32.8881003901263
"1163",2018-03-08,33.1142441417579
"1164",2018-03-09,33.0950640048153
"1165",2018-03-10,33.0540447985643
"1166",2018-03-11,33.2562134700155
"1167",2018-03-12,33.1597238861674
"1168",2018-03-13,33.1671260833676
"1169",2018-03-14,33.1216555122052
"1170",2018-03-15,33.7817370786607
"1171",2018-03-16,33.7977349910692
"1172",2018-03-17,33.9224028705577
"1173",2018-03-18,33.7708217421162
"1174",2018-03-19,33.7025854107252
"1175",2018-03-20,33.5098430023351
"1176",2018-03-21,33.6891854776133
"1177",2018-03-22,34.0201598936473
"1178",2018-03-23,33.8139226013665
"1179",2018-03-24,34.0080023204265
"1180",2018-03-25,34.3861348168589
"1181",2018-03-26,34.2828338283244
"1182",2018-03-27,34.2742408472059
"1183",2018-03-28,34.1131757460741
"1184",2018-03-29,34.424973187585
"1185",2018-03-30,34.4357647297117
"1186",2018-03-31,34.2597599424759
"1187",2018-04-01,34.6197271170187
"1188",2018-04-02,34.5343884644887
"1189",2018-04-03,34.5643056224717
"1190",2018-04-04,34.7420959132769
"1191",2018-04-05,35.1125304469697
"1192",2018-04-06,34.6635985636323
"1193",2018-04-07,34.4569528157614
"1194",2018-04-08,34.7016975584743
"1195",2018-04-09,34.7361321511833
"1196",2018-04-10,34.8800652507614
"1197",2018-04-11,34.9501718871642
"1198",2018-04-12,35.046055738542
"1199",2018-04-13,34.9472100180834
"1200",2018-04-14,34.8811580534755
"1201",2018-04-15,35.33198480883
"1202",2018-04-16,35.4244081382277
"1203",2018-04-17,35.725337596804
"1204",2018-04-18,35.8894594956192
"1205",2018-04-19,35.2596885877607
"1206",2018-04-20,35.6526012152902
"1207",2018-04-21,35.3080862342944
"1208",2018-04-22,35.8343863664052
"1209",2018-04-23,35.6947470885652
"1210",2018-04-24,35.7275992012519
"1211",2018-04-25,35.562010443239
"1212",2018-04-26,35.7587415673698
"1213",2018-04-27,35.6627891991149
"1214",2018-04-28,35.2692944121554
"1215",2018-04-29,35.8917541500917
"1216",2018-04-30,36.0502451318893
"1217",2018-05-01,35.7852477959671
"1218",2018-05-02,35.654639169812
"1219",2018-05-03,35.613181863992
"1220",2018-05-04,36.0011509674459
"1221",2018-05-05,35.7330488206918
"1222",2018-05-06,35.9445637499612
"1223",2018-05-07,36.0038187116301
"1224",2018-05-08,36.0920801076018
"1225",2018-05-09,35.8199272208201
"1226",2018-05-10,35.8650256333066
"1227",2018-05-11,35.8641238547091
"1228",2018-05-12,35.9528722629979
"1229",2018-05-13,36.4163017732796
"1230",2018-05-14,36.1075862645574
"1231",2018-05-15,36.0330899736356
"1232",2018-05-16,36.0538164500791
"1233",2018-05-17,36.6115499685073
"1234",2018-05-18,36.3556373705044
"1235",2018-05-19,36.3531895314108
"1236",2018-05-20,36.3539957329663
"1237",2018-05-21,36.5659898374428
"1238",2018-05-22,36.4283221425931
"1239",2018-05-23,36.6069065270511
"1240",2018-05-24,36.5307329605577
"1241",2018-05-25,36.0149415978587
"1242",2018-05-26,36.3960661511912
"1243",2018-05-27,36.406176461948
"1244",2018-05-28,36.0580266669337
"1245",2018-05-29,36.1829589616116
"1246",2018-05-30,36.3882700304832
"1247",2018-05-31,36.371261138089
"1248",2018-06-01,36.3840043331533
"1249",2018-06-02,36.4324763660189
"1250",2018-06-03,36.4382417008747
"1251",2018-06-04,36.5151585090446
"1252",2018-06-05,36.1446560622858
"1253",2018-06-06,36.1381495379268
"1254",2018-06-07,35.8110294964627
"1255",2018-06-08,35.8521613370416
"1256",2018-06-09,35.9750455622773
"1257",2018-06-10,35.9483078901287
"1258",2018-06-11,35.7339658329266
"1259",2018-06-12,35.8844622533504
"1260",2018-06-13,36.0180655721658
"1261",2018-06-14,35.8838644115529
"1262",2018-06-15,35.681692607671
"1263",2018-06-16,35.7734688661912
"1264",2018-06-17,35.5968434398502
"1265",2018-06-18,35.7502268600633
"1266",2018-06-19,35.4018317705776
"1267",2018-06-20,35.528321024614
"1268",2018-06-21,35.7131377967887
"1269",2018-06-22,35.6238907511945
"1270",2018-06-23,35.5520194576623
"1271",2018-06-24,35.8420252843744
"1272",2018-06-25,35.4637489459362
"1273",2018-06-26,35.6613917435785
"1274",2018-06-27,35.8851609299968
"1275",2018-06-28,35.4538490353127
"1276",2018-06-29,35.8509658703648
"1277",2018-06-30,35.8355280494265
"1278",2018-07-01,35.8594529488602
"1279",2018-07-02,35.7755941483633
"1280",2018-07-03,35.7726895536808
"1281",2018-07-04,35.6974452895413
"1282",2018-07-05,35.9673703118669
"1283",2018-07-06,35.8918079539194
"1284",2018-07-07,35.7828199335905
"1285",2018-07-08,35.7464850432565
"1286",2018-07-09,35.6117019832841
"1287",2018-07-10,35.3508310074694
"1288",2018-07-11,35.5866302004475
"1289",2018-07-12,35.8685434971912
"1290",2018-07-13,35.6296042055679
"1291",2018-07-14,35.5599747459818
"1292",2018-07-15,35.4894781936614
"1293",2018-07-16,35.619873200045
"1294",2018-07-17,35.6452186284278
"1295",2018-07-18,35.504051091715
"1296",2018-07-19,35.626279167025
"1297",2018-07-20,35.6740283458435
"1298",2018-07-21,35.270753102983
"1299",2018-07-22,35.4150854197123
"1300",2018-07-23,35.133135887391
"1301",2018-07-24,35.6656424933797
"1302",2018-07-25,34.9670864267889
"1303",2018-07-26,35.125333620834
"1304",2018-07-27,35.364366914703
"1305",2018-07-28,34.9598667073613
"1306",2018-07-29,35.0419847376155
"1307",2018-07-30,35.1005922705922
"1308",2018-07-31,34.7474080043255
"1309",2018-08-01,34.999353004411
"1310",2018-08-02,35.1257676001136
"1311",2018-08-03,34.9322700145949
"1312",2018-08-04,35.1418827044885
"1313",2018-08-05,35.1357830157496
"1314",2018-08-06,35.0270205542386
"1315",2018-08-07,34.7293498559444
"1316",2018-08-08,35.1880936562821
"1317",2018-08-09,34.869227073943
"1318",2018-08-10,34.7135990507876
"1319",2018-08-11,35.0366326060275
"1320",2018-08-12,34.8979680155894
"1321",2018-08-13,34.5825121068218
"1322",2018-08-14,34.9381193498809
"1323",2018-08-15,34.978775883945
"1324",2018-08-16,34.9375700392839
"1325",2018-08-17,34.6493260048471
"1326",2018-08-18,35.1643613613595
"1327",2018-08-19,35.0290553351612
"1328",2018-08-20,35.025894552614
"1329",2018-08-21,34.9208089823004
"1330",2018-08-22,35.1103560335073
"1331",2018-08-23,34.8429074653122
"1332",2018-08-24,34.8753488485378
"1333",2018-08-25,34.9710654482229
"1334",2018-08-26,34.6624417982473
"1335",2018-08-27,34.9616680274944
"1336",2018-08-28,34.9114718228651
"1337",2018-08-29,35.098677354885
"1338",2018-08-30,35.0050304893425
"1339",2018-08-31,35.0005826895464
"1340",2018-09-01,35.0067667379462
"1341",2018-09-02,35.000183683044
"1342",2018-09-03,35.1285621597791
"1343",2018-09-04,35.1089723550947
"1344",2018-09-05,35.004529571574
"1345",2018-09-06,35.1937919807276
"1346",2018-09-07,35.0555170858442
"1347",2018-09-08,34.981094032303
"1348",2018-09-09,35.4210507027483
"1349",2018-09-10,35.149426078644
"1350",2018-09-11,35.2529314480723
"1351",2018-09-12,35.328043914632
"1352",2018-09-13,35.3587537297293
"1353",2018-09-14,35.0469187436624
"1354",2018-09-15,35.2068217138307
"1355",2018-09-16,35.363474407119
"1356",2018-09-17,35.8503310290701
"1357",2018-09-18,35.1844531409224
"1358",2018-09-19,35.7944167949471
"1359",2018-09-20,35.0693256029495
"1360",2018-09-21,35.3134322279692
"1361",2018-09-22,35.0977396554332
"1362",2018-09-23,35.2221960592207
"1363",2018-09-24,35.3461992461531
"1364",2018-09-25,35.3298478281253
"1365",2018-09-26,35.3489701371351
"1366",2018-09-27,34.9533836652704
"1367",2018-09-28,35.15159141872
"1368",2018-09-29,35.0194831575751
"1369",2018-09-30,35.6229076616248
"1370",2018-10-01,35.1871345635586
"1371",2018-10-02,35.2120800128708
"1372",2018-10-03,35.6417517927483
"1373",2018-10-04,35.314714886644
"1374",2018-10-05,35.22220918341
"1375",2018-10-06,35.1630474663421
"1376",2018-10-07,35.3298680883915
"1377",2018-10-08,35.6118799121623
"1378",2018-10-09,35.4462235487986
"1379",2018-10-10,35.5085196709562
"1380",2018-10-11,35.6393462262109
"1381",2018-10-12,35.3289375475377
"1382",2018-10-13,35.0766834474516
"1383",2018-10-14,35.088451835845
"1384",2018-10-15,35.168280518155
"1385",2018-10-16,35.4537199962586
"1386",2018-10-17,35.5228616977031
"1387",2018-10-18,35.6986416479572
"1388",2018-10-19,35.3234154642256
"1389",2018-10-20,35.6636729463445
"1390",2018-10-21,35.4793383080779
"1391",2018-10-22,35.1669132364781
"1392",2018-10-23,35.3712754518207
"1393",2018-10-24,35.5194552792556
"1394",2018-10-25,35.10527837098
"1395",2018-10-26,35.2157577054135
"1396",2018-10-27,35.0724751094642
"1397",2018-10-28,35.3446775850999
"1398",2018-10-29,35.265967955265
"1399",2018-10-30,35.1125298463158
"1400",2018-10-31,35.3232369863449
"1401",2018-11-01,35.065947309883
"1402",2018-11-02,35.3982501310088
"1403",2018-11-03,35.3158693068515
"1404",2018-11-04,35.6676818583579
"1405",2018-11-05,35.7806269954733
"1406",2018-11-06,35.6028933150903
"1407",2018-11-07,35.439354163371
"1408",2018-11-08,35.7230137545786
"1409",2018-11-09,35.3437650680258
"1410",2018-11-10,35.1275175238672
"1411",2018-11-11,35.2396911690777
"1412",2018-11-12,35.6702538142491
"1413",2018-11-13,35.4958977518586
"1414",2018-11-14,35.8446180894711
"1415",2018-11-15,35.7239395270809
"1416",2018-11-16,35.6635103753475
"1417",2018-11-17,NA
"1418",2018-11-18,NA
"1419",2018-11-19,NA
"1420",2018-11-20,NA
"1421",2018-11-21,NA
"1422",2018-11-22,35.1394689650144
"1423",2018-11-23,36.0980629021004
"1424",2018-11-24,35.3205575471717
"1425",2018-11-25,35.687526482902
"1426",2018-11-26,35.6594553883965
"1427",2018-11-27,35.5700337967772
"1428",2018-11-28,35.6573262233586
"1429",2018-11-29,36.1551466135674
"1430",2018-11-30,35.7866778439034
"1431",2018-12-01,35.2384111870204
"1432",2018-12-02,35.1268683761867
"1433",2018-12-03,NA
"1434",2018-12-04,35.4921821825646
"1435",2018-12-05,35.8651163625775
"1436",2018-12-06,35.3701131876037
"1437",2018-12-07,35.6308383671075
"1438",2018-12-08,35.4549802770648
"1439",2018-12-09,35.3649506920788
"1440",2018-12-10,35.7432295921759
"1441",2018-12-11,35.5225312637356
"1442",2018-12-12,35.520138603587
"1443",2018-12-13,35.8448329881757
"1444",2018-12-14,35.6165569254128
"1445",2018-12-15,36.2343612244631
"1446",2018-12-16,35.5568963717891
"1447",2018-12-17,35.9134652805015
"1448",2018-12-18,35.7136350202552
"1449",2018-12-19,35.6403271533386
"1450",2018-12-20,36.0695036586347
"1451",2018-12-21,35.8650193974971
"1452",2018-12-22,35.8121889887861
"1453",2018-12-23,35.5362173599454
"1454",2018-12-24,35.7055435149837
"1455",2018-12-25,35.7488409239083
"1456",2018-12-26,35.9253284215209
"1457",2018-12-27,35.2844764704677
"1458",2018-12-28,35.3758973855838
"1459",2018-12-29,35.5365778290535
"1460",2018-12-30,35.6258525537602
"1461",2018-12-31,35.5487980787867
"1462",2019-01-01,35.5812669316881
"1463",2019-01-02,35.9904664053222
"1464",2019-01-03,36.0513959100972
"1465",2019-01-04,35.4450829417648
"1466",2019-01-05,35.5737009960282
"1467",2019-01-06,35.6043730451778
"1468",2019-01-07,35.5703047900696
"1469",2019-01-08,35.3643226308394
"1470",2019-01-09,35.9883985192049
"1471",2019-01-10,35.7881348960983
"1472",2019-01-11,35.8128592725058
"1473",2019-01-12,35.7201817998521
"1474",2019-01-13,35.7317785798831
"1475",2019-01-14,35.6409863650884
"1476",2019-01-15,35.8379118984984
"1477",2019-01-16,35.8834131762284
"1478",2019-01-17,35.8285485875908
"1479",2019-01-18,36.026704808978
"1480",2019-01-19,35.6820578132847
"1481",2019-01-20,35.9362466788489
"1482",2019-01-21,35.959092354465
"1483",2019-01-22,35.5633529483576
"1484",2019-01-23,35.7126585123728
"1485",2019-01-24,35.8777615457479
"1486",2019-01-25,35.7798215544865
"1487",2019-01-26,36.1110187701132
"1488",2019-01-27,36.0336457511964
"1489",2019-01-28,35.9503123082734
"1490",2019-01-29,35.8767772306627
"1491",2019-01-30,36.1242156427996
"1492",2019-01-31,35.8109491226168
"1493",2019-02-01,36.1697086750244
"1494",2019-02-02,35.9006272537198
"1495",2019-02-03,36.2243283703726
"1496",2019-02-04,36.588129677107
"1497",2019-02-05,36.7707327944372
"1498",2019-02-06,36.7895774549202
"1499",2019-02-07,36.5663221612308
"1500",2019-02-08,36.805824374114
"1501",2019-02-09,36.8886296420346
"1502",2019-02-10,36.7338696266879
"1503",2019-02-11,36.9839221984033
"1504",2019-02-12,36.6237913561717
"1505",2019-02-13,36.8966374030841
"1506",2019-02-14,37.1901543321211
"1507",2019-02-15,37.0036169271627
"1508",2019-02-16,36.8894425807265
"1509",2019-02-17,36.8974019653846
"1510",2019-02-18,36.9449643100185
"1511",2019-02-19,36.5895099356509
"1512",2019-02-20,36.5710661829473
"1513",2019-02-21,36.6753173205506
"1514",2019-02-22,36.6674546550315
"1515",2019-02-23,37.0579036484013
"1516",2019-02-24,36.6166760014901
"1517",2019-02-25,36.8051279745322
"1518",2019-02-26,36.5816320697717
"1519",2019-02-27,37.2243648066424
"1520",2019-02-28,36.7825081019483
"1521",2019-03-01,37.633121234985
"1522",2019-03-02,37.6655988523759
"1523",2019-03-03,38.0851111027611
"1524",2019-03-04,37.7344961897417
"1525",2019-03-05,37.8746395024961
"1526",2019-03-06,37.8930260832653
"1527",2019-03-07,37.9420147438458
"1528",2019-03-08,37.7689290865419
"1529",2019-03-09,38.1118090695125
"1530",2019-03-10,37.940629273087
"1531",2019-03-11,37.841425981471
"1532",2019-03-12,37.8440336177645
"1533",2019-03-13,37.4044975270781
"1534",2019-03-14,37.6923209829009
"1535",2019-03-15,37.6088393198155
"1536",2019-03-16,37.5891176241103
"1537",2019-03-17,38.0560864248885
"1538",2019-03-18,37.6833638984841
"1539",2019-03-19,37.696079642133
"1540",2019-03-20,37.9560299501197
"1541",2019-03-21,37.6622533040498
"1542",2019-03-22,37.8049829791428
"1543",2019-03-23,37.8198704012897
"1544",2019-03-24,37.8492244436561
"1545",2019-03-25,37.4590003425484
"1546",2019-03-26,38.088810298319
"1547",2019-03-27,37.9403571891705
"1548",2019-03-28,37.9844510646992
"1549",2019-03-29,38.1663957566474
"1550",2019-03-30,38.0017301253897
"1551",2019-03-31,38.0601400583527
"1552",2019-04-01,38.2238137471034
"1553",2019-04-02,38.066975378317
"1554",2019-04-03,38.1427618181173
"1555",2019-04-04,38.1502549209768
"1556",2019-04-05,38.316391236803
"1557",2019-04-06,37.9317466802931
"1558",2019-04-07,37.9515806398243
"1559",2019-04-08,38.0280455388113
"1560",2019-04-09,37.9661268001302
"1561",2019-04-10,38.2795591606785
"1562",2019-04-11,37.9848050620209
"1563",2019-04-12,37.9436266842389
"1564",2019-04-13,38.1696794315726
"1565",2019-04-14,38.3354673689808
"1566",2019-04-15,37.9957581059773
"1567",2019-04-16,37.6144650651368
"1568",2019-04-17,37.9882220759027
"1569",2019-04-18,37.9978709979817
"1570",2019-04-19,38.0732159140864
"1571",2019-04-20,38.3358765925146
"1572",2019-04-21,38.4238970589295
"1573",2019-04-22,38.5343574656764
"1574",2019-04-23,38.1142961977503
"1575",2019-04-24,38.6456588444628
"1576",2019-04-25,38.3336554458263
"1577",2019-04-26,38.5672790458749
"1578",2019-04-27,38.0904047089091
"1579",2019-04-28,38.3302894541668
"1580",2019-04-29,38.4204203672134
"1581",2019-04-30,38.2145437970237
"1582",2019-05-01,38.4182474201094
"1583",2019-05-02,38.1076424225744
"1584",2019-05-03,38.162955064585
"1585",2019-05-04,37.6316855266021
"1586",2019-05-05,NA
"1587",2019-05-06,NA
"1588",2019-05-07,NA
"1589",2019-05-08,NA
"1590",2019-05-09,38.1933194296571
"1591",2019-05-10,37.9885683055811
"1592",2019-05-11,38.1153738707423
"1593",2019-05-12,38.0734375648748
"1594",2019-05-13,38.0231515227343
"1595",2019-05-14,38.4879105785365
"1596",2019-05-15,38.3485693270158
"1597",2019-05-16,38.1159903543879
"1598",2019-05-17,38.4589141536537
"1599",2019-05-18,38.0464211943923
"1600",2019-05-19,37.9539543115314
"1601",2019-05-20,38.0476896950289
"1602",2019-05-21,38.1572064817402
"1603",2019-05-22,37.7668244860674
"1604",2019-05-23,37.9875494722626
"1605",2019-05-24,37.7682385601386
"1606",2019-05-25,38.1659987941817
"1607",2019-05-26,37.7344944768246
"1608",2019-05-27,38.0999577024129
"1609",2019-05-28,37.9612767325229
"1610",2019-05-29,37.6595563751617
"1611",2019-05-30,37.8620659886235
"1612",2019-05-31,37.8089250811869
"1613",2019-06-01,38.0565619633709
"1614",2019-06-02,38.1017871100007
"1615",2019-06-03,37.9768866328028
"1616",2019-06-04,37.6681639945987
"1617",2019-06-05,37.9945153001441
"1618",2019-06-06,38.2041659378269
"1619",2019-06-07,38.281339674766
"1620",2019-06-08,38.3149025451198
"1621",2019-06-09,38.2129507969151
"1622",2019-06-10,37.9719685622738
"1623",2019-06-11,38.283501859976
"1624",2019-06-12,37.8224324751463
"1625",2019-06-13,37.9596594550631
"1626",2019-06-14,38.2330148201998
"1627",2019-06-15,37.9138735885088
"1628",2019-06-16,37.8393715771836
"1629",2019-06-17,38.2616722908591
"1630",2019-06-18,37.608325781991
"1631",2019-06-19,37.7856447705912
"1632",2019-06-20,37.7239472068939
"1633",2019-06-21,37.8422594167808
"1634",2019-06-22,38.3718297683544
"1635",2019-06-23,37.6782410653369
"1636",2019-06-24,38.0411315494078
"1637",2019-06-25,37.6762908787008
"1638",2019-06-26,37.6774296725943
"1639",2019-06-27,37.972888490296
"1640",2019-06-28,37.82717798762
"1641",2019-06-29,37.6513301738616
"1642",2019-06-30,37.8991846091711
"1643",2019-07-01,37.5279734033882
"1644",2019-07-02,37.6698056811057
"1645",2019-07-03,37.66198052618
"1646",2019-07-04,37.4236783628281
"1647",2019-07-05,37.9379197572189
"1648",2019-07-06,NA
"1649",2019-07-07,37.4307148991508
"1650",2019-07-08,37.7813547330413
"1651",2019-07-09,37.6498450313206
"1652",2019-07-10,37.7031989782366
"1653",2019-07-11,38.0020529865512
"1654",2019-07-12,37.5181788721259
"1655",2019-07-13,37.4974419948401
"1656",2019-07-14,37.5188545808536
"1657",2019-07-15,37.7470582198489
"1658",2019-07-16,37.8039651002203
"1659",2019-07-17,37.5667942658131
"1660",2019-07-18,37.6217614464449
"1661",2019-07-19,37.3513927291057
"1662",2019-07-20,37.6246015346504
"1663",2019-07-21,37.6127339596099
"1664",2019-07-22,37.935975203701
"1665",2019-07-23,37.4818519886075
"1666",2019-07-24,37.6414705652274
"1667",2019-07-25,38.5076286728756
"1668",2019-07-26,37.5692795228958
"1669",2019-07-27,37.6940721977341
"1670",2019-07-28,37.4705052601945
"1671",2019-07-29,37.5734789320682
"1672",2019-07-30,37.6056508915776
"1673",2019-07-31,37.7614020336167
"1674",2019-08-01,37.5629988011236
"1675",2019-08-02,37.5942899895528
"1676",2019-08-03,37.2887603434011
"1677",2019-08-04,37.74907693428
"1678",2019-08-05,37.855837622928
"1679",2019-08-06,37.7111450557995
"1680",2019-08-07,37.5421670460755
"1681",2019-08-08,37.7524461224328
"1682",2019-08-09,37.8296375995614
"1683",2019-08-10,37.625548520229
"1684",2019-08-11,37.9601559700179
"1685",2019-08-12,37.5643921061016
"1686",2019-08-13,37.6909411423646
"1687",2019-08-14,38.0995853142428
"1688",2019-08-15,37.8982937856329
"1689",2019-08-16,37.7350886403287
"1690",2019-08-17,37.7917843112871
"1691",2019-08-18,37.258939176737
"1692",2019-08-19,38.0728966176254
"1693",2019-08-20,37.8275372319737
"1694",2019-08-21,37.8318523664739
"1695",2019-08-22,38.0023104007941
"1696",2019-08-23,38.1861758553783
"1697",2019-08-24,38.0448449681844
"1698",2019-08-25,37.8128647900931
"1699",2019-08-26,37.9546050954831
"1700",2019-08-27,38.0900433019912
"1701",2019-08-28,37.9785643174098
"1702",2019-08-29,38.1509786275111
"1703",2019-08-30,37.5693440356734
"1704",2019-08-31,37.724130708116
"1705",2019-09-01,37.5904766507282
"1706",2019-09-02,38.2002957939274
"1707",2019-09-03,37.5198205026453
"1708",2019-09-04,37.9505834454732
"1709",2019-09-05,37.5239846466575
"1710",2019-09-06,37.8955608389817
"1711",2019-09-07,37.5668833305556
"1712",2019-09-08,37.6079550959439
"1713",2019-09-09,37.4162841531849
"1714",2019-09-10,37.6495951951928
"1715",2019-09-11,37.4090665991992
"1716",2019-09-12,37.4524573109138
"1717",2019-09-13,37.4187291048714
"1718",2019-09-14,37.7592947667218
"1719",2019-09-15,37.5514685688576
"1720",2019-09-16,37.4161245512249
"1721",2019-09-17,37.7065568487281
"1722",2019-09-18,37.3887707935929
"1723",2019-09-19,37.3759570772049
"1724",2019-09-20,37.4808190114552
"1725",2019-09-21,37.6551405571777
"1726",2019-09-22,37.7609824429083
"1727",2019-09-23,37.5420746242806
"1728",2019-09-24,37.2863126285517
"1729",2019-09-25,37.6958212470447
"1730",2019-09-26,37.5276620519091
"1731",2019-09-27,37.243149121079
"1732",2019-09-28,37.6454995182167
"1733",2019-09-29,37.4925158619278
"1734",2019-09-30,37.7066743452872
"1735",2019-10-01,37.6162098119275
"1736",2019-10-02,37.3921585463863
"1737",2019-10-03,37.498331448892
"1738",2019-10-04,37.6640338719766
"1739",2019-10-05,37.1754565726713
"1740",2019-10-06,37.4517317339546
"1741",2019-10-07,38.0130451835742
"1742",2019-10-08,37.8220019465638
"1743",2019-10-09,37.5953961601508
"1744",2019-10-10,37.9695794459937
"1745",2019-10-11,37.5655558327229
"1746",2019-10-12,38.0031491284393
"1747",2019-10-13,37.6188156268941
"1748",2019-10-14,37.7563956878683
"1749",2019-10-15,37.6124942570775
"1750",2019-10-16,37.7004334703887
"1751",2019-10-17,37.7398048626421
"1752",2019-10-18,37.5653722831037
"1753",2019-10-19,37.7062971971059
"1754",2019-10-20,37.840800304449
"1755",2019-10-21,37.8390137857127
"1756",2019-10-22,37.5630862541676
"1757",2019-10-23,37.6421050839833
"1758",2019-10-24,37.3010582108084
"1759",2019-10-25,37.6920473671595
"1760",2019-10-26,37.887393574858
"1761",2019-10-27,37.5366230810084
"1762",2019-10-28,37.7759161177614
"1763",2019-10-29,37.9086080438717
"1764",2019-10-30,37.533331793604
"1765",2019-10-31,37.805074398093
"1766",2019-11-01,37.6038894529399
"1767",2019-11-02,37.728793682711
"1768",2019-11-03,37.2942515722342
"1769",2019-11-04,37.7708340590192
"1770",2019-11-05,38.0733218378364
"1771",2019-11-06,37.4765602644428
"1772",2019-11-07,37.8800534969874
"1773",2019-11-08,37.2497549866498
"1774",2019-11-09,37.9177376962617
"1775",2019-11-10,37.6412822010859
"1776",2019-11-11,37.7106139502952
"1777",2019-11-12,37.6553652420788
"1778",2019-11-13,37.7391546734937
"1779",2019-11-14,37.5333252178719
"1780",2019-11-15,37.6587571820589
"1781",2019-11-16,37.2807661592398
"1782",2019-11-17,37.5908329202122
"1783",2019-11-18,37.6411845373726
"1784",2019-11-19,37.376958657975
"1785",2019-11-20,37.3570192429843
"1786",2019-11-21,37.6076357819698
"1787",2019-11-22,37.2069360797225
"1788",2019-11-23,37.6062273175225
"1789",2019-11-24,37.500528266865
"1790",2019-11-25,37.7672252655764
"1791",2019-11-26,37.8828144767025
"1792",2019-11-27,38.0309528868098
"1793",2019-11-28,37.6232531407431
"1794",2019-11-29,38.1055079895722
"1795",2019-11-30,37.7426916591967
"1796",2019-12-01,38.2017877774117
"1797",2019-12-02,37.7754261530074
"1798",2019-12-03,37.5446948354705
"1799",2019-12-04,38.0240901303133
"1800",2019-12-05,37.9660524981283
"1801",2019-12-06,37.9178136864872
"1802",2019-12-07,38.1778367413085
"1803",2019-12-08,38.0813347207546
"1804",2019-12-09,38.2541961246193
"1805",2019-12-10,38.4379533428495
"1806",2019-12-11,38.4568817101252
"1807",2019-12-12,38.2428621995761
"1808",2019-12-13,38.4517804514753
"1809",2019-12-14,38.4947006486251
"1810",2019-12-15,38.4026340003405
"1811",2019-12-16,38.5814025554496
"1812",2019-12-17,38.3589062909923
"1813",2019-12-18,38.2465626099611
"1814",2019-12-19,38.3378565890282
"1815",2019-12-20,38.7033429387808
"1816",2019-12-21,38.6906954646971
"1817",2019-12-22,38.560243674733
"1818",2019-12-23,38.6269451383391
"1819",2019-12-24,38.4514013097777
"1820",2019-12-25,38.1973383762575
"1821",2019-12-26,38.5662493490528
"1822",2019-12-27,38.6426279884879
"1823",2019-12-28,38.8875855859477
"1824",2019-12-29,NA
"1825",2019-12-30,NA
"1826",2019-12-31,38.8721671312281
"1827",2020-01-01,39.047465861588
"1828",2020-01-02,38.7433989756541
"1829",2020-01-03,38.9043763980979
"1830",2020-01-04,38.9189468580888
"1831",2020-01-05,38.814349867772
"1832",2020-01-06,38.8402993948961
"1833",2020-01-07,38.8053806476391
"1834",2020-01-08,39.2487357156426
"1835",2020-01-09,38.8208742456022
"1836",2020-01-10,38.9554860733207
"1837",2020-01-11,39.1286862088341
"1838",2020-01-12,39.0949605908331
"1839",2020-01-13,39.2315113077681
"1840",2020-01-14,38.834894125875
"1841",2020-01-15,38.926952435526
"1842",2020-01-16,39.028883929636
"1843",2020-01-17,38.9098349212747
"1844",2020-01-18,38.8471096585423
"1845",2020-01-19,38.7146321378735
"1846",2020-01-20,39.3111770801474
"1847",2020-01-21,38.9558821883611
"1848",2020-01-22,39.2298004408267
"1849",2020-01-23,39.0418612662246
"1850",2020-01-24,38.6683303245245
"1851",2020-01-25,38.5157770900874
"1852",2020-01-26,38.7263357553127
"1853",2020-01-27,38.9963356203814
"1854",2020-01-28,38.7126202845442
"1855",2020-01-29,39.0398371698606
"1856",2020-01-30,38.5094978980139
"1857",2020-01-31,39.0286014699265
"1858",2020-02-01,38.6562820377724
"1859",2020-02-02,38.832988719271
"1860",2020-02-03,38.9746959827428
"1861",2020-02-04,39.0262561570616
"1862",2020-02-05,38.7388527001447
"1863",2020-02-06,38.8810934175398
"1864",2020-02-07,38.975695881733
"1865",2020-02-08,40.9927727258751
"1866",2020-02-09,41.0418487920106
"1867",2020-02-10,41.4408795952131
"1868",2020-02-11,40.8276924686994
"1869",2020-02-12,41.1412429581681
"1870",2020-02-13,41.0076769156968
"1871",2020-02-14,40.885843652761
"1872",2020-02-15,41.1273717887801
"1873",2020-02-16,41.3572418226932
"1874",2020-02-17,41.3059183329025
"1875",2020-02-18,41.1313819325425
"1876",2020-02-19,41.1801579611716
"1877",2020-02-20,41.0888206935874
"1878",2020-02-21,41.2485429710154
"1879",2020-02-22,41.0445625031319
"1880",2020-02-23,41.2740649240065
"1881",2020-02-24,41.2140642233267
"1882",2020-02-25,41.4101019732238
"1883",2020-02-26,41.4043619197248
"1884",2020-02-27,41.4206225777209
"1885",2020-02-28,41.1569806837295
"1886",2020-02-29,41.1306362922715
"1887",2020-03-01,41.4282215424988
"1888",2020-03-02,41.2618328237054
"1889",2020-03-03,40.8171077953928
"1890",2020-03-04,40.9705990283427
"1891",2020-03-05,41.4236962036405
"1892",2020-03-06,40.9319370904755
"1893",2020-03-07,41.8817155905229
"1894",2020-03-08,42.660648572298
"1895",2020-03-09,42.6427167635481
"1896",2020-03-10,42.625654397364
"1897",2020-03-11,43.1944405642745
"1898",2020-03-12,43.6090412822095
"1899",2020-03-13,43.6047619671957
"1900",2020-03-14,43.663455883406
"1901",2020-03-15,43.2905993832146
"1902",2020-03-16,43.5550206312333
"1903",2020-03-17,43.3754672156416
"1904",2020-03-18,43.8000852726001
"1905",2020-03-19,43.5930512355528
"1906",2020-03-20,43.8009728376172
"1907",2020-03-21,43.6397268673746
"1908",2020-03-22,43.443178387729
"1909",2020-03-23,43.5482962842963
"1910",2020-03-24,43.4623076770739
"1911",2020-03-25,43.9114359344651
"1912",2020-03-26,44.6720477936102
"1913",2020-03-27,45.0516688213785
"1914",2020-03-28,44.9520309209918
"1915",2020-03-29,45.0173253629555
"1916",2020-03-30,44.7338020171839
"1917",2020-03-31,44.9352692742986
"1918",2020-04-01,44.8401684843934
"1919",2020-04-02,44.6919193090327
"1920",2020-04-03,44.9565196028661
"1921",2020-04-04,45.0111411471751
"1922",2020-04-05,44.8603144381014
"1923",2020-04-06,44.8059933587485
"1924",2020-04-07,44.8565107772073
"1925",2020-04-08,45.011207084098
"1926",2020-04-09,45.1377564005993
"1927",2020-04-10,44.9921712987167
"1928",2020-04-11,45.1867498929427
"1929",2020-04-12,46.4775889137846
"1930",2020-04-13,46.4595450289485
"1931",2020-04-14,46.236507938051
"1932",2020-04-15,46.1451225562183
"1933",2020-04-16,46.2508111722127
"1934",2020-04-17,46.1146679780871
"1935",2020-04-18,46.442504020746
"1936",2020-04-19,46.6141272080314
"1937",2020-04-20,46.8183558207909
"1938",2020-04-21,46.5683350451154
"1939",2020-04-22,46.6684412351739
"1940",2020-04-23,46.7495582330676
"1941",2020-04-24,46.7591800702042
"1942",2020-04-25,46.9629846180033
"1943",2020-04-26,46.7537579870938
"1944",2020-04-27,47.1312940844884
"1945",2020-04-28,46.9472893527255
"1946",2020-04-29,46.8186473008328
"1947",2020-04-30,46.9226470499842
"1948",2020-05-01,46.9394537555528
"1949",2020-05-02,46.5816890190469
"1950",2020-05-03,46.5970094327724
"1951",2020-05-04,46.8603217458309
"1952",2020-05-05,47.1982391590938
"1953",2020-05-06,46.8928065276148
"1954",2020-05-07,46.6986043226148
"1955",2020-05-08,46.6936016590765
"1956",2020-05-09,46.6321376210591
"1957",2020-05-10,46.930242498875
"1958",2020-05-11,46.4147202380974
"1959",2020-05-12,46.3820478065467
"1960",2020-05-13,46.3673777195679
"1961",2020-05-14,46.3773543030747
"1962",2020-05-15,45.9394233960159
"1963",2020-05-16,45.6571376821957
"1964",2020-05-17,45.849281137021
"1965",2020-05-18,45.3837663549788
"1966",2020-05-19,45.5236822742699
"1967",2020-05-20,45.6523099019931
"1968",2020-05-21,45.7591983901786
"1969",2020-05-22,45.9600632983935
"1970",2020-05-23,45.7052798254406
"1971",2020-05-24,45.8469836803384
"1972",2020-05-25,45.4681513806889
"1973",2020-05-26,45.6455775587292
"1974",2020-05-27,45.5034755512103
"1975",2020-05-28,45.5607662289435
"1976",2020-05-29,45.1915437743836
"1977",2020-05-30,45.5000069869471
"1978",2020-05-31,45.4666773112094
"1979",2020-06-01,45.3473119328867
"1980",2020-06-02,45.5240147288822
"1981",2020-06-03,45.3363413594175
"1982",2020-06-04,45.0438100094156
"1983",2020-06-05,44.7710049504487
"1984",2020-06-06,45.0649566746623
"1985",2020-06-07,44.6080673390859
"1986",2020-06-08,44.8294084506996
"1987",2020-06-09,44.6763608688053
"1988",2020-06-10,45.1501717174422
"1989",2020-06-11,45.1029030452665
"1990",2020-06-12,44.8072402216038
"1991",2020-06-13,44.7359932157387
"1992",2020-06-14,44.9758746349554
"1993",2020-06-15,44.7283689344336
"1994",2020-06-16,45.0028340066898
"1995",2020-06-17,45.0197207209896
"1996",2020-06-18,45.1829747858654
"1997",2020-06-19,45.0155980795258
"1998",2020-06-20,45.057181306333
"1999",2020-06-21,44.5226630679148
"2000",2020-06-22,44.8376145543643
"2001",2020-06-23,44.674421604532
"2002",2020-06-24,45.4067495309139
"2003",2020-06-25,45.8758925162605
"2004",2020-06-26,45.8748546734351
"2005",2020-06-27,45.7269553224754
"2006",2020-06-28,45.6723321432357
"2007",2020-06-29,45.0348117779646
"2008",2020-06-30,44.6587491167709
"2009",2020-07-01,44.3727327311394
